Model,Test_BLEU,Test_BERTScore,Dev_BLEU,Dev_BERTScore,Zero_Shot_BLEU,Inference_Time_Seconds,Avg_Time_Per_Sentence_ms,Model_Parameters,Best_Val_BLEU,Final_Train_Loss
Fine-tuned OPUS-MT,0.1836238201009738,0.4895995557308197,0.19466348792459023,0.49579668045043945,0.05795655212311921,87.51929306983948,87.51929306983948,143230976,0.19466348792459023,0.37108766932487486
