Epoch,Train_Loss,Val_BLEU
1,1.3053338772773744,0.11275446792262432
2,0.5697372121095657,0.15069116479392117
3,0.4687182134985924,0.17135822376076248
4,0.41128404985070227,0.18792257473327592
5,0.37108766932487486,0.19466348792459023
